{
    "attributes": {
        "description": "Apex EventLogFile Data",
        "hits": 0,
        "kibanaSavedObjectMeta": {
            "searchSourceJSON": {
                "filter": [],
                "query": {
                    "language": "kuery",
                    "query": ""
                }
            }
        },
        "optionsJSON": {
            "hidePanelTitles": false,
            "syncColors": false,
            "useMargins": false
        },
        "panelsJSON": [
            {
                "embeddableConfig": {
                    "enhancements": {}
                },
                "gridData": {
                    "h": 4,
                    "i": "92fa5f55-44db-44e6-9e32-f47c34335706",
                    "w": 48,
                    "x": 0,
                    "y": 0
                },
                "panelIndex": "92fa5f55-44db-44e6-9e32-f47c34335706",
                "panelRefName": "panel_92fa5f55-44db-44e6-9e32-f47c34335706",
                "type": "visualization",
                "version": "7.15.0"
            },
            {
                "embeddableConfig": {
                    "enhancements": {},
                    "hidePanelTitles": false
                },
                "gridData": {
                    "h": 15,
                    "i": "f7680bb8-ec0c-4bd5-8ace-140d023384dc",
                    "w": 12,
                    "x": 0,
                    "y": 4
                },
                "panelIndex": "f7680bb8-ec0c-4bd5-8ace-140d023384dc",
                "panelRefName": "panel_f7680bb8-ec0c-4bd5-8ace-140d023384dc",
                "type": "visualization",
                "version": "7.15.0"
            },
            {
                "embeddableConfig": {
                    "enhancements": {},
                    "hidePanelTitles": false
                },
                "gridData": {
                    "h": 15,
                    "i": "5b18dcde-0147-462b-85eb-154fcb9abffd",
                    "w": 12,
                    "x": 12,
                    "y": 4
                },
                "panelIndex": "5b18dcde-0147-462b-85eb-154fcb9abffd",
                "panelRefName": "panel_5b18dcde-0147-462b-85eb-154fcb9abffd",
                "type": "visualization",
                "version": "7.15.0"
            },
            {
                "embeddableConfig": {
                    "enhancements": {},
                    "hidePanelTitles": false
                },
                "gridData": {
                    "h": 15,
                    "i": "b9d36aa1-9cb3-4a1a-a010-413d72a57dd0",
                    "w": 24,
                    "x": 24,
                    "y": 4
                },
                "panelIndex": "b9d36aa1-9cb3-4a1a-a010-413d72a57dd0",
                "panelRefName": "panel_b9d36aa1-9cb3-4a1a-a010-413d72a57dd0",
                "title": "DB_TOTAL_TIME-CPU_TIME comparision [Filebeat Salesforce]",
                "type": "visualization",
                "version": "7.15.0"
            },
            {
                "embeddableConfig": {
                    "enhancements": {},
                    "hidePanelTitles": false
                },
                "gridData": {
                    "h": 16,
                    "i": "97595594-bd12-4341-9287-aba4ee2642c3",
                    "w": 24,
                    "x": 0,
                    "y": 19
                },
                "panelIndex": "97595594-bd12-4341-9287-aba4ee2642c3",
                "panelRefName": "panel_97595594-bd12-4341-9287-aba4ee2642c3",
                "title": "Trigger-Entity categorisation [Filebeat Salesforce]",
                "type": "visualization",
                "version": "7.15.0"
            },
            {
                "embeddableConfig": {
                    "enhancements": {},
                    "hidePanelTitles": false,
                    "vis": null
                },
                "gridData": {
                    "h": 16,
                    "i": "1aef58f1-8aca-4225-bc5c-c1a6ceda4a8b",
                    "w": 24,
                    "x": 24,
                    "y": 19
                },
                "panelIndex": "1aef58f1-8aca-4225-bc5c-c1a6ceda4a8b",
                "panelRefName": "panel_1aef58f1-8aca-4225-bc5c-c1a6ceda4a8b",
                "type": "visualization",
                "version": "7.15.0"
            },
            {
                "embeddableConfig": {
                    "enhancements": {},
                    "hidePanelTitles": false
                },
                "gridData": {
                    "h": 15,
                    "i": "b2885132-edfc-4c17-99f9-31b56ca2f109",
                    "w": 48,
                    "x": 0,
                    "y": 35
                },
                "panelIndex": "b2885132-edfc-4c17-99f9-31b56ca2f109",
                "panelRefName": "panel_b2885132-edfc-4c17-99f9-31b56ca2f109",
                "title": "Top Entrypoints by Request Count [Filebeat Salesforce]",
                "type": "visualization",
                "version": "7.15.0"
            },
            {
                "embeddableConfig": {
                    "enhancements": {},
                    "hidePanelTitles": false
                },
                "gridData": {
                    "h": 15,
                    "i": "4f5803fa-0c1e-4bd6-84ca-b8710f52c0a7",
                    "w": 24,
                    "x": 0,
                    "y": 50
                },
                "panelIndex": "4f5803fa-0c1e-4bd6-84ca-b8710f52c0a7",
                "panelRefName": "panel_4f5803fa-0c1e-4bd6-84ca-b8710f52c0a7",
                "title": "Apex Performance over time [Filebeat Salesforce]",
                "type": "visualization",
                "version": "7.15.0"
            },
            {
                "embeddableConfig": {
                    "enhancements": {},
                    "hidePanelTitles": false,
                    "vis": {
                        "legendOpen": false
                    }
                },
                "gridData": {
                    "h": 13,
                    "i": "58a8cf54-9a2e-4b7d-a579-5b01e656030e",
                    "w": 21,
                    "x": 0,
                    "y": 65
                },
                "panelIndex": "58a8cf54-9a2e-4b7d-a579-5b01e656030e",
                "panelRefName": "panel_58a8cf54-9a2e-4b7d-a579-5b01e656030e",
                "type": "visualization",
                "version": "7.15.0"
            },
            {
                "embeddableConfig": {
                    "enhancements": {},
                    "hidePanelTitles": false
                },
                "gridData": {
                    "h": 13,
                    "i": "03390f0c-c585-4cf0-8a93-06479965a0e9",
                    "w": 27,
                    "x": 21,
                    "y": 65
                },
                "panelIndex": "03390f0c-c585-4cf0-8a93-06479965a0e9",
                "panelRefName": "panel_03390f0c-c585-4cf0-8a93-06479965a0e9",
                "type": "visualization",
                "version": "7.15.0"
            },
            {
                "embeddableConfig": {
                    "enhancements": {},
                    "hidePanelTitles": false
                },
                "gridData": {
                    "h": 15,
                    "i": "60adaf8e-785f-4c89-9ff8-c842b2a64f73",
                    "w": 24,
                    "x": 24,
                    "y": 50
                },
                "panelIndex": "60adaf8e-785f-4c89-9ff8-c842b2a64f73",
                "panelRefName": "panel_60adaf8e-785f-4c89-9ff8-c842b2a64f73",
                "title": "Number of SOQL Queries per Entry Point [Filebeat Salesforce]",
                "type": "visualization",
                "version": "7.15.0"
            }
        ],
        "refreshInterval": {
            "pause": true,
            "value": 0
        },
        "timeFrom": "now-7d/d",
        "timeRestore": true,
        "timeTo": "now",
        "title": "[Filebeat Salesforce] Apex Dashboard",
        "version": 1
    },
    "coreMigrationVersion": "7.15.0",
    "id": "salesforce-59ef0af0-5749-11ec-8f0b-05e8b06e1b10",
    "migrationVersion": {
        "dashboard": "7.15.0"
    },
    "references": [
        {
            "id": "7a22ead0-5758-11ec-8f0b-05e8b06e1b10",
            "name": "92fa5f55-44db-44e6-9e32-f47c34335706:panel_92fa5f55-44db-44e6-9e32-f47c34335706",
            "type": "visualization"
        },
        {
            "id": "4f9923d0-574c-11ec-8f0b-05e8b06e1b10",
            "name": "f7680bb8-ec0c-4bd5-8ace-140d023384dc:panel_f7680bb8-ec0c-4bd5-8ace-140d023384dc",
            "type": "visualization"
        },
        {
            "id": "8cec4c30-574c-11ec-8f0b-05e8b06e1b10",
            "name": "5b18dcde-0147-462b-85eb-154fcb9abffd:panel_5b18dcde-0147-462b-85eb-154fcb9abffd",
            "type": "visualization"
        },
        {
            "id": "86081670-5d95-11ec-9523-d1b667ac64c0",
            "name": "b9d36aa1-9cb3-4a1a-a010-413d72a57dd0:panel_b9d36aa1-9cb3-4a1a-a010-413d72a57dd0",
            "type": "visualization"
        },
        {
            "id": "24c39ae0-574d-11ec-8f0b-05e8b06e1b10",
            "name": "97595594-bd12-4341-9287-aba4ee2642c3:panel_97595594-bd12-4341-9287-aba4ee2642c3",
            "type": "visualization"
        },
        {
            "id": "416da3a0-574f-11ec-8f0b-05e8b06e1b10",
            "name": "1aef58f1-8aca-4225-bc5c-c1a6ceda4a8b:panel_1aef58f1-8aca-4225-bc5c-c1a6ceda4a8b",
            "type": "visualization"
        },
        {
            "id": "93c37330-5751-11ec-8f0b-05e8b06e1b10",
            "name": "b2885132-edfc-4c17-99f9-31b56ca2f109:panel_b2885132-edfc-4c17-99f9-31b56ca2f109",
            "type": "visualization"
        },
        {
            "id": "31366a60-5751-11ec-8f0b-05e8b06e1b10",
            "name": "4f5803fa-0c1e-4bd6-84ca-b8710f52c0a7:panel_4f5803fa-0c1e-4bd6-84ca-b8710f52c0a7",
            "type": "visualization"
        },
        {
            "id": "17f0a5d0-5750-11ec-8f0b-05e8b06e1b10",
            "name": "58a8cf54-9a2e-4b7d-a579-5b01e656030e:panel_58a8cf54-9a2e-4b7d-a579-5b01e656030e",
            "type": "visualization"
        },
        {
            "id": "61eec180-5750-11ec-8f0b-05e8b06e1b10",
            "name": "03390f0c-c585-4cf0-8a93-06479965a0e9:panel_03390f0c-c585-4cf0-8a93-06479965a0e9",
            "type": "visualization"
        },
        {
            "id": "6d86efd0-5751-11ec-8f0b-05e8b06e1b10",
            "name": "60adaf8e-785f-4c89-9ff8-c842b2a64f73:panel_60adaf8e-785f-4c89-9ff8-c842b2a64f73",
            "type": "visualization"
        },
        {
            "id": "50e50c20-5749-11ec-8f0b-05e8b06e1b10",
            "name": "tag-50e50c20-5749-11ec-8f0b-05e8b06e1b10",
            "type": "tag"
        }
    ],
    "type": "dashboard",
    "updated_at": "2022-05-06T11:14:55.111Z",
    "version": "WzMzNDc4LDNd"
}