{
    "attributes": {
        "columns": [],
        "description": "",
        "grid": {},
        "hideChart": false,
        "kibanaSavedObjectMeta": {
            "searchSourceJSON": {
                "filter": [
                    {
                        "$state": {
                            "store": "appState"
                        },
                        "meta": {
                            "alias": null,
                            "disabled": false,
                            "indexRefName": "kibanaSavedObjectMeta.searchSourceJSON.filter[0].meta.index",
                            "key": "event.dataset",
                            "negate": false,
                            "params": {
                                "query": "salesforce.login"
                            },
                            "type": "phrase"
                        },
                        "query": {
                            "match_phrase": {
                                "event.dataset": "salesforce.login"
                            }
                        }
                    }
                ],
                "indexRefName": "kibanaSavedObjectMeta.searchSourceJSON.index",
                "query": {
                    "language": "kuery",
                    "query": ""
                }
            }
        },
        "sort": [
            [
                "@timestamp",
                "desc"
            ]
        ],
        "title": "[Login] Search [Filebeat Salesforce]"
    },
    "coreMigrationVersion": "7.15.0",
    "id": "ef8b6070-5d6d-11ec-9523-d1b667ac64c0",
    "migrationVersion": {
        "search": "7.9.3"
    },
    "references": [
        {
            "id": "filebeat-*",
            "name": "kibanaSavedObjectMeta.searchSourceJSON.index",
            "type": "index-pattern"
        },
        {
            "id": "filebeat-*",
            "name": "kibanaSavedObjectMeta.searchSourceJSON.filter[0].meta.index",
            "type": "index-pattern"
        }
    ],
    "type": "search",
    "updated_at": "2022-05-06T11:14:54.091Z",
    "version": "WzMzNDUzLDNd"
}