{
    "attributes": {
        "description": "Logout EventLogFile Data",
        "hits": 0,
        "kibanaSavedObjectMeta": {
            "searchSourceJSON": {
                "filter": [],
                "query": {
                    "language": "kuery",
                    "query": ""
                }
            }
        },
        "optionsJSON": {
            "hidePanelTitles": false,
            "syncColors": false,
            "useMargins": false
        },
        "panelsJSON": [
            {
                "embeddableConfig": {
                    "enhancements": {}
                },
                "gridData": {
                    "h": 4,
                    "i": "a8f9096a-18a7-4aaa-aadf-9b1264c25ff9",
                    "w": 48,
                    "x": 0,
                    "y": 0
                },
                "panelIndex": "a8f9096a-18a7-4aaa-aadf-9b1264c25ff9",
                "panelRefName": "panel_a8f9096a-18a7-4aaa-aadf-9b1264c25ff9",
                "type": "visualization",
                "version": "7.15.0"
            },
            {
                "embeddableConfig": {
                    "enhancements": {},
                    "vis": {
                        "legendOpen": false
                    }
                },
                "gridData": {
                    "h": 15,
                    "i": "e94002ab-ee04-4bdf-80f6-fca80b3cf1b1",
                    "w": 24,
                    "x": 0,
                    "y": 21
                },
                "panelIndex": "e94002ab-ee04-4bdf-80f6-fca80b3cf1b1",
                "panelRefName": "panel_e94002ab-ee04-4bdf-80f6-fca80b3cf1b1",
                "type": "visualization",
                "version": "7.15.0"
            },
            {
                "embeddableConfig": {
                    "enhancements": {},
                    "hidePanelTitles": false
                },
                "gridData": {
                    "h": 15,
                    "i": "12145dd1-e578-4f41-a09d-7bece9d79985",
                    "w": 24,
                    "x": 24,
                    "y": 21
                },
                "panelIndex": "12145dd1-e578-4f41-a09d-7bece9d79985",
                "panelRefName": "panel_12145dd1-e578-4f41-a09d-7bece9d79985",
                "title": "Top 10 IP addresses over time [Filebeat Salesforce]",
                "type": "visualization",
                "version": "7.15.0"
            },
            {
                "embeddableConfig": {
                    "enhancements": {},
                    "hidePanelTitles": false
                },
                "gridData": {
                    "h": 37,
                    "i": "4c956f84-ce21-4b40-9b6c-d0c079aa2630",
                    "w": 48,
                    "x": 0,
                    "y": 36
                },
                "panelIndex": "4c956f84-ce21-4b40-9b6c-d0c079aa2630",
                "panelRefName": "panel_4c956f84-ce21-4b40-9b6c-d0c079aa2630",
                "title": "Logout events table [Filebeat Salesforce]",
                "type": "search",
                "version": "7.15.0"
            },
            {
                "embeddableConfig": {
                    "enhancements": {}
                },
                "gridData": {
                    "h": 17,
                    "i": "78ec8ab8-7bee-4caa-9bf9-6a8c525d76c7",
                    "w": 48,
                    "x": 0,
                    "y": 4
                },
                "panelIndex": "78ec8ab8-7bee-4caa-9bf9-6a8c525d76c7",
                "panelRefName": "panel_78ec8ab8-7bee-4caa-9bf9-6a8c525d76c7",
                "type": "visualization",
                "version": "7.15.0"
            }
        ],
        "refreshInterval": {
            "pause": true,
            "value": 0
        },
        "timeFrom": "now-7d/d",
        "timeRestore": true,
        "timeTo": "now",
        "title": "[Filebeat Salesforce] Logout Dashboard",
        "version": 1
    },
    "coreMigrationVersion": "7.15.0",
    "id": "salesforce-6c750440-5749-11ec-8f0b-05e8b06e1b10",
    "migrationVersion": {
        "dashboard": "7.15.0"
    },
    "references": [
        {
            "id": "7a22ead0-5758-11ec-8f0b-05e8b06e1b10",
            "name": "a8f9096a-18a7-4aaa-aadf-9b1264c25ff9:panel_a8f9096a-18a7-4aaa-aadf-9b1264c25ff9",
            "type": "visualization"
        },
        {
            "id": "2b7921e0-5d6d-11ec-9523-d1b667ac64c0",
            "name": "e94002ab-ee04-4bdf-80f6-fca80b3cf1b1:panel_e94002ab-ee04-4bdf-80f6-fca80b3cf1b1",
            "type": "visualization"
        },
        {
            "id": "27897120-5d6d-11ec-9523-d1b667ac64c0",
            "name": "12145dd1-e578-4f41-a09d-7bece9d79985:panel_12145dd1-e578-4f41-a09d-7bece9d79985",
            "type": "visualization"
        },
        {
            "id": "b3b98110-5d92-11ec-9523-d1b667ac64c0",
            "name": "4c956f84-ce21-4b40-9b6c-d0c079aa2630:panel_4c956f84-ce21-4b40-9b6c-d0c079aa2630",
            "type": "search"
        },
        {
            "id": "2a11e7a0-cd35-11ec-83d5-7f8e1b7a2529",
            "name": "78ec8ab8-7bee-4caa-9bf9-6a8c525d76c7:panel_78ec8ab8-7bee-4caa-9bf9-6a8c525d76c7",
            "type": "visualization"
        },
        {
            "id": "50e50c20-5749-11ec-8f0b-05e8b06e1b10",
            "name": "tag-50e50c20-5749-11ec-8f0b-05e8b06e1b10",
            "type": "tag"
        }
    ],
    "type": "dashboard",
    "updated_at": "2022-05-06T12:21:35.309Z",
    "version": "WzM0MDQxLDNd"
}